{"batch": {"encoder_input": {"_type": "histogram", "values": [2038, 2, 1, 0, 0, 0, 0, 0, 0, 1, 0, 0, 0, 1, 1, 0, 0, 1, 0, 0, 0, 0, 0, 0, 0, 0, 0, 0, 1, 0, 0, 2], "bins": [0.0, 401.8125, 803.625, 1205.4375, 1607.25, 2009.0625, 2410.875, 2812.6875, 3214.5, 3616.3125, 4018.125, 4419.9375, 4821.75, 5223.5625, 5625.375, 6027.1875, 6429.0, 6830.8125, 7232.625, 7634.4375, 8036.25, 8438.0625, 8839.875, 9241.6875, 9643.5, 10045.3125, 10447.125, 10848.9375, 11250.75, 11652.5625, 12054.375, 12456.1875, 12858.0]}, "encoder_mask": {"_type": "histogram", "values": [1998, 0, 0, 0, 0, 0, 0, 0, 0, 0, 0, 0, 0, 0, 0, 0, 0, 0, 0, 0, 0, 0, 0, 0, 0, 0, 0, 0, 0, 0, 0, 50], "bins": [0.0, 0.03125, 0.0625, 0.09375, 0.125, 0.15625, 0.1875, 0.21875, 0.25, 0.28125, 0.3125, 0.34375, 0.375, 0.40625, 0.4375, 0.46875, 0.5, 0.53125, 0.5625, 0.59375, 0.625, 0.65625, 0.6875, 0.71875, 0.75, 0.78125, 0.8125, 0.84375, 0.875, 0.90625, 0.9375, 0.96875, 1.0]}, "label": [1, 0, 1, 1]}, "loss": 0.6023427248001099, "_timestamp": 1709830153.8507168, "_runtime": 107.9484589099884, "_step": 3}