{"batch": {"encoder_input": {"_type": "histogram", "values": [2043, 2, 0, 1, 0, 0, 0, 0, 0, 0, 0, 0, 0, 1, 0, 0, 0, 0, 0, 0, 0, 0, 0, 0, 0, 0, 0, 0, 0, 0, 0, 1], "bins": [0.0, 417.9375, 835.875, 1253.8125, 1671.75, 2089.6875, 2507.625, 2925.5625, 3343.5, 3761.4375, 4179.375, 4597.3125, 5015.25, 5433.1875, 5851.125, 6269.0625, 6687.0, 7104.9375, 7522.875, 7940.8125, 8358.75, 8776.6875, 9194.625, 9612.5625, 10030.5, 10448.4375, 10866.375, 11284.3125, 11702.25, 12120.1875, 12538.125, 12956.0625, 13374.0]}, "encoder_mask": {"_type": "histogram", "values": [2017, 0, 0, 0, 0, 0, 0, 0, 0, 0, 0, 0, 0, 0, 0, 0, 0, 0, 0, 0, 0, 0, 0, 0, 0, 0, 0, 0, 0, 0, 0, 31], "bins": [0.0, 0.03125, 0.0625, 0.09375, 0.125, 0.15625, 0.1875, 0.21875, 0.25, 0.28125, 0.3125, 0.34375, 0.375, 0.40625, 0.4375, 0.46875, 0.5, 0.53125, 0.5625, 0.59375, 0.625, 0.65625, 0.6875, 0.71875, 0.75, 0.78125, 0.8125, 0.84375, 0.875, 0.90625, 0.9375, 0.96875, 1.0]}, "label": [1, 1, 1, 0]}, "loss": 0.8064289689064026, "_timestamp": 1710157047.9232397, "_runtime": 72.42472577095032, "_step": 1, "_wandb": {"runtime": 75}}