{"batch": {"encoder_input": {"_type": "histogram", "values": [2040, 1, 1, 0, 0, 1, 1, 0, 0, 0, 0, 2, 1, 0, 0, 0, 0, 0, 0, 0, 0, 0, 0, 0, 0, 0, 0, 0, 0, 0, 0, 1], "bins": [0.0, 388.875, 777.75, 1166.625, 1555.5, 1944.375, 2333.25, 2722.125, 3111.0, 3499.875, 3888.75, 4277.625, 4666.5, 5055.375, 5444.25, 5833.125, 6222.0, 6610.875, 6999.75, 7388.625, 7777.5, 8166.375, 8555.25, 8944.125, 9333.0, 9721.875, 10110.75, 10499.625, 10888.5, 11277.375, 11666.25, 12055.125, 12444.0]}, "encoder_mask": {"_type": "histogram", "values": [2011, 0, 0, 0, 0, 0, 0, 0, 0, 0, 0, 0, 0, 0, 0, 0, 0, 0, 0, 0, 0, 0, 0, 0, 0, 0, 0, 0, 0, 0, 0, 37], "bins": [0.0, 0.03125, 0.0625, 0.09375, 0.125, 0.15625, 0.1875, 0.21875, 0.25, 0.28125, 0.3125, 0.34375, 0.375, 0.40625, 0.4375, 0.46875, 0.5, 0.53125, 0.5625, 0.59375, 0.625, 0.65625, 0.6875, 0.71875, 0.75, 0.78125, 0.8125, 0.84375, 0.875, 0.90625, 0.9375, 0.96875, 1.0]}, "label": [1, 1, 1, 1]}, "loss": 0.6824963688850403, "_timestamp": 1709832991.8370342, "_runtime": 2122.425103187561, "_step": 212, "_wandb": {"runtime": 2123}}