{"batch": {"encoder_input": {"_type": "histogram", "values": [2028, 3, 1, 2, 5, 0, 1, 0, 1, 0, 0, 0, 1, 1, 0, 0, 0, 1, 0, 0, 0, 0, 1, 0, 1, 1, 0, 0, 0, 0, 0, 1], "bins": [1.0, 401.40625, 801.8125, 1202.21875, 1602.625, 2003.03125, 2403.4375, 2803.84375, 3204.25, 3604.65625, 4005.0625, 4405.46875, 4805.875, 5206.28125, 5606.6875, 6007.09375, 6407.5, 6807.90625, 7208.3125, 7608.71875, 8009.125, 8409.53125, 8809.9375, 9210.34375, 9610.75, 10011.15625, 10411.5625, 10811.96875, 11212.375, 11612.78125, 12013.1875, 12413.59375, 12814.0]}, "encoder_mask": {"_type": "histogram", "values": [1978, 0, 0, 0, 0, 0, 0, 0, 0, 0, 0, 0, 0, 0, 0, 0, 0, 0, 0, 0, 0, 0, 0, 0, 0, 0, 0, 0, 0, 0, 0, 70], "bins": [0.0, 0.03125, 0.0625, 0.09375, 0.125, 0.15625, 0.1875, 0.21875, 0.25, 0.28125, 0.3125, 0.34375, 0.375, 0.40625, 0.4375, 0.46875, 0.5, 0.53125, 0.5625, 0.59375, 0.625, 0.65625, 0.6875, 0.71875, 0.75, 0.78125, 0.8125, 0.84375, 0.875, 0.90625, 0.9375, 0.96875, 1.0]}, "label": [0, 0, 1, 1]}, "loss": 0.7168757915496826, "_timestamp": 1709827675.050785, "_runtime": 359.39727210998535, "_step": 30, "_wandb": {"runtime": 364}}